{"cameraMode":{"drawMode":0,"name":"Shaded","section":"Shading Mode"},"sceneLighting":false,"audioPlay":false,"sceneViewState":{"m_AlwaysRefresh":false,"showFog":true,"showSkybox":false,"showFlares":true,"showImageEffects":true,"showParticleSystems":true,"showVisualEffectGraphs":true,"m_FxEnabled":true},"in2DMode":false,"pivot":{"x":18.02075958251953,"y":11.899417877197266,"z":27.286331176757814},"rotation":{"x":-0.021453863009810449,"y":0.9785506129264832,"z":-0.1448921114206314,"w":-0.1448916494846344},"size":18.551454544067384,"orthographic":false}